Bus factor for Netherlands,Count,Percentage
1.0,27,52.94117647058824
2.0,17,33.33333333333333
3.0,4,7.8431372549019605
4.0,1,1.9607843137254901
10.0,2,3.9215686274509802
