Bus factor for Australia,Count,Percentage
0.0,2,2.272727272727273
1.0,60,68.18181818181817
2.0,16,18.181818181818183
3.0,5,5.681818181818182
4.0,2,2.272727272727273
5.0,3,3.4090909090909087
