Bus factor for South Africa,Count,Percentage
0.0,2,9.523809523809524
1.0,14,66.66666666666666
2.0,3,14.285714285714285
3.0,2,9.523809523809524
