Citation of software for Australia,Count,Percentage
1 (None at all),,
2,3.0,3.4090909090909087
3,8.0,9.090909090909092
4,7.0,7.954545454545454
5,5.0,5.681818181818182
6,2.0,2.272727272727273
7,3.0,3.4090909090909087
8,10.0,11.363636363636363
9,8.0,9.090909090909092
10 (All the time),28.0,31.818181818181817
