Citation of software for South Africa,Count,Percentage
1 (None at all),,
2,,
3,,
4,,
5,4.0,19.047619047619047
6,,
7,1.0,4.761904761904762
8,5.0,23.809523809523807
9,2.0,9.523809523809524
10 (All the time),4.0,19.047619047619047
