Citation of software for Netherlands,Count,Percentage
1 (None at all),,
2,1.0,1.9607843137254901
3,2.0,3.9215686274509802
4,,
5,3.0,5.88235294117647
6,5.0,9.803921568627452
7,4.0,7.8431372549019605
8,7.0,13.725490196078432
9,2.0,3.9215686274509802
10 (All the time),15.0,29.411764705882355
