developing code for others for Australia,Count,Percentage
0 - Mostly me,7,7.07070707070707
1,15,15.151515151515152
2,14,14.14141414141414
3,19,19.19191919191919
4,19,19.19191919191919
5 - Mostly other people,25,25.252525252525253
