developing code for others for World,Count,Percentage
0 - Mostly me,8,14.545454545454545
1,5,9.090909090909092
2,13,23.636363636363637
3,6,10.909090909090908
4,8,14.545454545454545
5 - Mostly other people,15,27.27272727272727
