Did you participate in conference for Germany,Count,Percentage,Percentage in 2017,Difference with previous year
Yes,150,54.347826086956516,55.666666666666664,-1.3188405797101481
No,126,45.65217391304348,44.333333333333336,1.318840579710141
