member of a dedicated group for United States,Count,Percentage,Percentage in 2017,Difference with previous year
No,68,49.275362318840585,56.25,-6.974637681159415
Yes,70,50.72463768115942,43.75,6.974637681159422
