member of a dedicated group for Germany,Count,Percentage,Percentage in 2017,Difference with previous year
No,115,38.85135135135135,43.666666666666664,-4.815315315315317
Yes,181,61.14864864864865,56.333333333333336,4.815315315315317
