member of a dedicated group for United Kingdom,Count,Percentage,Percentage in 2017,Difference with previous year
No,110,51.4018691588785,50.877192982456144,0.5246761764223535
Yes,104,48.598130841121495,49.122807017543856,-0.5246761764223606
