Number of software developers per projects for United States,Count,Percentage
0.0,1,0.7575757575757576
1.0,33,25.0
2.0,41,31.060606060606062
3.0,20,15.151515151515152
4.0,11,8.333333333333332
5.0,12,9.090909090909092
6.0,3,2.272727272727273
7.0,1,0.7575757575757576
8.0,1,0.7575757575757576
10.0,4,3.0303030303030303
12.0,1,0.7575757575757576
15.0,1,0.7575757575757576
20.0,1,0.7575757575757576
30.0,1,0.7575757575757576
100.0,1,0.7575757575757576
