Number of software developers per projects for New Zealand,Count,Percentage
1.0,13,39.39393939393939
2.0,15,45.45454545454545
3.0,1,3.0303030303030303
5.0,3,9.090909090909092
6.0,1,3.0303030303030303
