Number of software projects for World,Count,Percentage
0.0,1,2.564102564102564
1.0,5,12.82051282051282
2.0,12,30.76923076923077
3.0,6,15.384615384615385
4.0,6,15.384615384615385
5.0,5,12.82051282051282
6.0,1,2.564102564102564
7.0,1,2.564102564102564
10.0,1,2.564102564102564
20.0,1,2.564102564102564
