Presence of transition plan for Germany,Count,Percentage,Percentage in 2017,Difference with previous year
Yes,48,16.216216216216218,18.666666666666668,-2.4504504504504503
No,248,83.78378378378379,81.33333333333333,2.450450450450461
