Professional developer for Germany,Count,Percentage,Percentage in 2017,Difference with previous year
Yes,150,47.3186119873817,42.769230769230774,4.549381218150927
No,167,52.6813880126183,57.230769230769226,-4.549381218150927
