How many years of software development experience for Netherlands (without 95 percentile),Results in 2018,Results in 2017
count,51.0,70.0
mean,10.950980392156863,11.185714285714285
std,6.61079034757629,7.022309907638896
min,2.0,0.0
25%,5.0,5.0
50%,10.0,10.0
75%,15.0,15.0
max,25.0,25.0
