Number of time per year providing training for Germany (without 95 percentile),Results in 2018,Results in 2017
count,281.0,187.0
mean,0.8693950177935943,1.6579144385026736
std,1.13891677413394,1.5801110731187726
min,0.0,0.0
25%,0.0,0.41500000000000004
50%,0.0,1.0
75%,1.0,2.0
max,4.0,7.0
