Number of time per year providing training for South Africa (without 95 percentile),Results in 2018,Results in 2017
count,19.0,7.0
mean,2.0789473684210527,1.7614285714285713
std,1.5116506604696223,0.8554224798587065
min,0.0,0.33
25%,1.0,1.5
50%,2.0,2.0
75%,3.0,2.0
max,5.0,3.0
