Use of version control for World,Count,Percentage
Git,38.0,69.0909090909091
SVN,7.0,12.727272727272727
Mercurial,3.0,5.454545454545454
None,2.0,3.6363636363636362
CVS,0.0,0.0
