Use of Digital Object Identifier for South Africa,Count,Percentage
1 (None at all),,
2,,
3,1.0,4.761904761904762
4,,
5,1.0,4.761904761904762
6,,
7,3.0,14.285714285714285
8,,
9,1.0,4.761904761904762
10 (All the time),,
