Use of version control for Germany,Count,Percentage
Git,263,78.97897897897897
SVN,94,28.22822822822823
None,22,6.606606606606606
Mercurial,15,4.504504504504505
CVS,13,3.903903903903904
