Use of version control for United Kingdom,Count,Percentage
Git,199,84.32203389830508
SVN,53,22.45762711864407
Mercurial,23,9.745762711864407
CVS,11,4.661016949152542
None,4,1.694915254237288
