Use of version control for Netherlands,Count,Percentage
Git,49.0,90.74074074074075
SVN,13.0,24.074074074074073
Mercurial,3.0,5.555555555555555
CVS,1.0,1.8518518518518516
None,0.0,0.0
