Using ORCID for Australia,Count,Percentage
Yes,68,78.16091954022988
No,8,9.195402298850574
