Using ORCID for Germany,Count,Percentage
Yes,154,52.55972696245734
No,58,19.795221843003414
