Acknowledgment in paper for World,Count,Percentage,Percentage in 2018,Difference with previous year
Not mentioned at all,125,16.170763260025872,20.951302378255946,-4.780539118230074
Acknowledged in the main text,60,7.761966364812419,8.040770101925254,-0.27880373711283557
Acknowledged in acknowledgements section,125,16.170763260025872,18.459796149490373,-2.289032889464501
Named as co-author,420,54.33376455368693,46.88561721404304,7.448147339643896
Named as main author,43,5.5627425614489,5.662514156285391,-0.09977159483649078
