Bus factor for New Zealand,Count,Percentage
0.0,4,15.384615384615385
1.0,13,50.0
2.0,5,19.230769230769234
3.0,1,3.8461538461538463
5.0,2,7.6923076923076925
6.0,1,3.8461538461538463
