Bus factor for New Zealand,Count,Percentage
1.0,23,67.64705882352942
2.0,6,17.647058823529413
3.0,3,8.823529411764707
4.0,1,2.941176470588235
5.0,1,2.941176470588235
