Bus factor for Australia,Count,Percentage
1.0,15,48.38709677419355
2.0,10,32.25806451612903
3.0,4,12.903225806451612
5.0,1,3.225806451612903
10.0,1,3.225806451612903
