Citation of software for World,Count,Percentage
1 (None at all),,
2,27.0,3.8681948424068766
3,32.0,4.584527220630372
4,28.0,4.011461318051576
5,46.0,6.59025787965616
6,26.0,3.7249283667621778
7,66.0,9.455587392550143
8,98.0,14.040114613180515
9,69.0,9.885386819484241
10 (All the time),248.0,35.53008595988539
