Citation of software for Germany,Count,Percentage
1 (None at all),,
2,9.0,4.891304347826087
3,7.0,3.804347826086957
4,8.0,4.3478260869565215
5,15.0,8.152173913043478
6,5.0,2.717391304347826
7,22.0,11.956521739130435
8,19.0,10.326086956521738
9,20.0,10.869565217391305
10 (All the time),58.0,31.521739130434785
