Citation of software for Netherlands,Count,Percentage
1 (None at all),,
2,2.0,4.166666666666666
3,,
4,2.0,4.166666666666666
5,5.0,10.416666666666668
6,1.0,2.083333333333333
7,2.0,4.166666666666666
8,11.0,22.916666666666664
9,4.0,8.333333333333332
10 (All the time),14.0,29.166666666666668
