Citation of software for New Zealand,Count,Percentage
1 (None at all),,
2,,
3,1.0,4.761904761904762
4,3.0,14.285714285714285
5,2.0,9.523809523809524
6,,
7,1.0,4.761904761904762
8,3.0,14.285714285714285
9,3.0,14.285714285714285
10 (All the time),7.0,33.33333333333333
