Citation of software for Germany,Count,Percentage
1 (None at all),,
2,30.0,10.135135135135135
3,20.0,6.756756756756757
4,13.0,4.391891891891892
5,24.0,8.108108108108109
6,15.0,5.0675675675675675
7,19.0,6.418918918918918
8,21.0,7.094594594594595
9,17.0,5.743243243243244
10 (All the time),67.0,22.635135135135133
