Contract type for Australia,Percentage in 2018
Full Time,93.93939393939394
Part-time,5.05050505050505
Prefer not to say,1.0101010101010102
