developing code for others for United States,Count,Percentage
0 - Mostly me,6,4.0
1,10,6.666666666666667
2,17,11.333333333333332
3,33,22.0
4,31,20.666666666666668
5 - Mostly other people,53,35.333333333333336
