developing code for others for World,Count,Percentage
0 - Mostly me,72,7.725321888412018
1,105,11.266094420600858
2,141,15.128755364806867
3,186,19.95708154506438
4,185,19.84978540772532
5 - Mostly other people,243,26.07296137339056
