Did you participate in conference for World,Count,Percentage,Percentage in 2018,Difference with previous year
Yes,459,57.88146279949559,56.324582338902154,1.5568804605934332
No,334,42.11853720050441,43.67541766109785,-1.5568804605934403
