Highest level of education for New Zealand,Count,Percentage
Doctorate,12,42.857142857142854
Master degree,8,28.57142857142857
Undergraduate degree,5,17.857142857142858
Further Education,2,7.142857142857142
Other,1,3.571428571428571
