Joining a RSE/RSD association for World,Count,Percentage,Percentage in 2018,Difference with previous year
Yes,224,63.817663817663814,70.43478260869566,-6.617118791031842
No,127,36.182336182336186,29.565217391304348,6.617118791031839
