member of a dedicated group for World,Count,Percentage,Percentage in 2018,Difference with previous year
No,396,47.14285714285714,49.321266968325794,-2.1784098254686555
Yes,444,52.85714285714286,50.678733031674206,2.1784098254686555
