member of a dedicated group for South Africa,Count,Percentage,Percentage in 2017,Difference with previous year
No,12,57.14285714285714,81.25,-24.10714285714286
Yes,9,42.857142857142854,18.75,24.107142857142854
