Number of software developers per projects for New Zealand,Count,Percentage
0.0,1,3.8461538461538463
1.0,9,34.61538461538461
2.0,9,34.61538461538461
3.0,5,19.230769230769234
4.0,1,3.8461538461538463
20.0,1,3.8461538461538463
