Number of software developers per projects for Australia,Count,Percentage
0.0,1,3.571428571428571
1.0,11,39.285714285714285
2.0,8,28.57142857142857
3.0,2,7.142857142857142
4.0,1,3.571428571428571
5.0,3,10.714285714285714
10.0,1,3.571428571428571
100.0,1,3.571428571428571
