Number of software projects for Australia,Count,Percentage
1.0,17,20.481927710843372
2.0,18,21.686746987951807
3.0,16,19.27710843373494
4.0,12,14.457831325301203
5.0,14,16.867469879518072
7.0,2,2.4096385542168677
10.0,3,3.614457831325301
14.0,1,1.2048192771084338
