Number of software developers per projects for Netherlands,Count,Percentage
0.0,2,3.508771929824561
1.0,15,26.31578947368421
2.0,20,35.08771929824561
3.0,11,19.298245614035086
4.0,3,5.263157894736842
5.0,3,5.263157894736842
7.0,1,1.7543859649122806
8.0,1,1.7543859649122806
10.0,1,1.7543859649122806
