Number of software projects for Netherlands,Count,Percentage
0,1,1.7241379310344827
1,9,15.517241379310345
10,1,1.7241379310344827
2,17,29.310344827586203
3,16,27.586206896551722
4,4,6.896551724137931
5,7,12.068965517241379
6,1,1.7241379310344827
7,1,1.7241379310344827
8,1,1.7241379310344827
