Open source use for Germany,Count,Percentage
1 (None at all),,
2,13.0,5.990783410138248
3,7.0,3.225806451612903
4,,
5,9.0,4.147465437788019
6,5.0,2.3041474654377883
7,11.0,5.0691244239631335
8,23.0,10.599078341013826
9,24.0,11.059907834101383
10 (All the time),95.0,43.77880184331797
