Open source use for United States,Count,Percentage
1 (None at all),,
2,3.0,2.097902097902098
3,8.0,5.594405594405594
4,1.0,0.6993006993006993
5,6.0,4.195804195804196
6,4.0,2.797202797202797
7,5.0,3.4965034965034967
8,15.0,10.48951048951049
9,16.0,11.188811188811188
10 (All the time),76.0,53.14685314685315
