Open source use for Netherlands,Count,Percentage
1 (None at all),,
2,2.0,3.4482758620689653
3,2.0,3.4482758620689653
4,,
5,,
6,1.0,1.7241379310344827
7,2.0,3.4482758620689653
8,7.0,12.068965517241379
9,8.0,13.793103448275861
10 (All the time),33.0,56.896551724137936
