Operating systems for United States,Count,Percentage
GNU/Linux,74,56.060606060606055
macOS,47,35.60606060606061
Windows,10,7.575757575757576
Other,1,0.7575757575757576
