Operating systems for Australia,Count,Percentage
GNU/Linux,18,58.06451612903226
macOS,7,22.58064516129032
Windows,5,16.129032258064516
Other,1,3.225806451612903
