Operating systems for Germany,Count,Percentage
GNU/Linux,125,60.09615384615385
Windows,47,22.596153846153847
macOS,32,15.384615384615385
Other,4,1.9230769230769231
