Operating systems for New Zealand,Count,Percentage
GNU/Linux,23,67.64705882352942
OS X,6,17.647058823529413
Windows,5,14.705882352941178
