Operating systems for United Kingdom,Count,Percentage
GNU/Linux,83,58.04195804195804
macOS,43,30.069930069930066
Windows,17,11.888111888111888
