Operating systems for Netherlands,Count,Percentage
GNU/Linux,36,63.1578947368421
macOS,12,21.052631578947366
Windows,9,15.789473684210526
