Operating systems for New Zealand,Count,Percentage
GNU/Linux,20,76.92307692307693
Windows,4,15.384615384615385
macOS,2,7.6923076923076925
