Operating systems for Netherlands,Count,Percentage
GNU/Linux,30,62.5
Windows,10,20.833333333333336
OS X,7,14.583333333333334
Other,1,2.083333333333333
