Operating systems for United States,Count,Percentage,Percentage in 2017,Difference with previous year
GNU/Linux,84,63.1578947368421,54.54545454545454,8.612440191387563
OS X,36,27.06766917293233,34.84848484848485,-7.780815675552521
Windows,13,9.774436090225564,9.848484848484848,-0.07404875825928414
