Operating systems for World,Count,Percentage
GNU/Linux,29,74.35897435897436
Windows,5,12.82051282051282
OS X,5,12.82051282051282
