Operating systems for World,Count,Percentage
GNU/Linux,503,63.19095477386934
macOS,167,20.979899497487438
Windows,118,14.824120603015075
Other,8,1.0050251256281406
