Presence of transition plan for Netherlands,Count,Percentage,Percentage in 2017,Difference with previous year
Yes,10,19.607843137254903,20.54794520547945,-0.9401020682245473
No,41,80.3921568627451,79.45205479452055,0.9401020682245473
