Presence of transition plan for World,Count,Percentage,Percentage in 2018,Difference with previous year
Yes,141,16.86602870813397,18.23329558323896,-1.3672668751049883
No,695,83.13397129186603,81.76670441676104,1.3672668751049883
