Programming languages for United Kingdom,Count,Percentage,Percentage in 2017,Difference with previous year
Python,182.0,77.11864406779661,76.01626016260163,1.1023839051949835
C++,89.0,37.71186440677966,38.21138211382114,-0.4995177070414769
C,83.0,35.16949152542373,36.99186991869919,-1.8223783932754571
R,69.0,29.23728813559322,23.170731707317074,6.066556428276147
SQL,66.0,27.966101694915253,31.300813008130078,-3.334711313214825
JavaScript,65.0,27.54237288135593,33.739837398373986,-6.197464517018055
Fortran,65.0,27.54237288135593,,
Java,47.0,19.915254237288135,25.609756097560975,-5.69450186027284
Matlab,41.0,17.372881355932204,24.796747967479675,-7.423866611547471
Perl,29.0,12.288135593220339,16.666666666666664,-4.378531073446325
PHP,22.0,9.322033898305085,12.195121951219512,-2.8730880529144276
C#,17.0,7.203389830508475,7.317073170731707,-0.11368334022323179
TypeScript,8.0,3.389830508474576,3.6585365853658534,-0.26870607689127723
Ruby,7.0,2.9661016949152543,5.691056910569105,-2.724955215653851
VBA,7.0,2.9661016949152543,2.8455284552845526,0.12057323963070177
Assembly,6.0,2.5423728813559325,2.0325203252032518,0.5098525561526808
Rust,4.0,1.694915254237288,1.2195121951219512,0.47540305911533687
Julia,4.0,1.694915254237288,0.8130081300813009,0.8819071241559872
Visual Basic,3.0,1.2711864406779663,2.8455284552845526,-1.5743420146065863
Groovy,3.0,1.2711864406779663,2.8455284552845526,-1.5743420146065863
Go,3.0,1.2711864406779663,2.0325203252032518,-0.7613338845252855
CoffeeScript,3.0,1.2711864406779663,0.8130081300813009,0.45817831059666536
Lua,3.0,1.2711864406779663,0.40650406504065045,0.8646823756373159
Scala,3.0,1.2711864406779663,2.4390243902439024,-1.1678379495659361
Objective-C,2.0,0.847457627118644,0.8130081300813009,0.034449497037343124
VB.NET,2.0,0.847457627118644,0.40650406504065045,0.4409535620779936
Clojure,1.0,0.423728813559322,0.40650406504065045,0.017224748518671562
Common Lisp,0.0,0.0,0.0,0.0
Swift,0.0,0.0,0.40650406504065045,-0.40650406504065045
Haskell,0.0,0.0,0.8130081300813009,-0.8130081300813009
Smalltalk,0.0,0.0,0.0,0.0
Elixir,0.0,0.0,0.8130081300813009,-0.8130081300813009
Erlang,0.0,0.0,0.40650406504065045,-0.40650406504065045
F#,0.0,0.0,1.2195121951219512,-1.2195121951219512
Hack,0.0,0.0,0.0,0.0
Dart,0.0,0.0,0.0,0.0
