Programming languages for United States,Count,Percentage,Percentage in 2017,Difference with previous year
Python,115.0,78.2312925170068,73.61963190184049,4.611660615166315
C++,51.0,34.69387755102041,42.944785276073624,-8.250907725053217
C,50.0,34.01360544217687,44.785276073619634,-10.771670631442767
SQL,47.0,31.97278911564626,30.061349693251532,1.9114394223947286
JavaScript,42.0,28.57142857142857,27.607361963190186,0.9640666082383831
R,34.0,23.12925170068027,39.87730061349693,-16.748048912816657
Java,31.0,21.08843537414966,18.404907975460123,2.683527398689538
Fortran,30.0,20.408163265306122,30.67484662576687,-10.26668336046075
Perl,20.0,13.60544217687075,15.950920245398773,-2.345478068528024
Matlab,20.0,13.60544217687075,28.22085889570552,-14.61541671883477
PHP,10.0,6.802721088435375,13.496932515337424,-6.694211426902049
C#,9.0,6.122448979591836,4.294478527607362,1.8279704519844744
Ruby,6.0,4.081632653061225,8.588957055214724,-4.5073244021534995
Assembly,4.0,2.7210884353741496,0.6134969325153374,2.107591502858812
VBA,4.0,2.7210884353741496,1.8404907975460123,0.8805976378281373
Julia,4.0,2.7210884353741496,7.361963190184049,-4.6408747548099
Groovy,4.0,2.7210884353741496,0.0,2.7210884353741496
Scala,3.0,2.0408163265306123,3.6809815950920246,-1.6401652685614123
Rust,2.0,1.3605442176870748,1.8404907975460123,-0.4799465798589375
Lua,2.0,1.3605442176870748,6.134969325153374,-4.7744251074663
Go,2.0,1.3605442176870748,4.294478527607362,-2.9339343099202875
Clojure,2.0,1.3605442176870748,0.6134969325153374,0.7470472851717374
CoffeeScript,2.0,1.3605442176870748,0.6134969325153374,0.7470472851717374
Common Lisp,1.0,0.6802721088435374,0.6134969325153374,0.06677517632819996
TypeScript,1.0,0.6802721088435374,1.8404907975460123,-1.160218688702475
Swift,1.0,0.6802721088435374,2.4539877300613497,-1.7737156212178125
Visual Basic,1.0,0.6802721088435374,1.2269938650306749,-0.5467217561871375
Elixir,1.0,0.6802721088435374,0.0,0.6802721088435374
Objective-C,1.0,0.6802721088435374,1.8404907975460123,-1.160218688702475
Hack,0.0,0.0,0.0,0.0
Dart,0.0,0.0,0.0,0.0
Smalltalk,0.0,0.0,0.0,0.0
Erlang,0.0,0.0,0.0,0.0
F#,0.0,0.0,1.2269938650306749,-1.2269938650306749
VB.NET,0.0,0.0,0.0,0.0
Haskell,0.0,0.0,0.6134969325153374,-0.6134969325153374
