Professional developer for World,Count,Percentage,Percentage in 2018,Difference with previous year
Yes,549,57.78947368421052,53.8788522848034,3.9106213994071197
No,401,42.21052631578948,46.1211477151966,-3.9106213994071197
