Professional developer for World,Count,Percentage
Yes,549,57.78947368421052
No,401,42.21052631578948
