Professional developer for World,Count,Percentage,Percentage in 2017,Difference with previous year
Yes,507,53.8788522848034,52.848484848484844,1.0303674363185564
No,434,46.1211477151966,47.15151515151515,-1.0303674363185493
