Professional developer for United Kingdom,Count,Percentage,Percentage in 2017,Difference with previous year
Yes,143,62.71929824561403,58.94308943089431,3.776208814719716
No,85,37.280701754385966,41.05691056910569,-3.7762088147197233
