Professional developer for United States,Count,Percentage,Percentage in 2017,Difference with previous year
Yes,90,63.829787234042556,61.25000000000001,2.5797872340425485
No,51,36.17021276595745,38.75,-2.5797872340425485
