RSE Member for United States,Count,Percentage
Yes,96,73.84615384615385
No,34,26.153846153846157
