RSE Member for United Kingdom,Count,Percentage
Yes,88,63.76811594202898
No,50,36.231884057971016
