RSE Member for Australia,Count,Percentage
Yes,12,18.181818181818183
No,54,81.81818181818183
