RSE Member for World,Count,Percentage
Yes,329,42.95039164490861
No,437,57.04960835509139
