RSE Member for World,Count,Percentage,Percentage in 2018,Difference with previous year
Yes,329,42.95039164490861,21.349862258953166,21.600529385955447
No,437,57.04960835509139,78.65013774104683,-21.600529385955447
