RSE Member for Netherlands,Count,Percentage
Yes,33,61.111111111111114
No,21,38.88888888888889
