Number of time per year providing training for United States (without 95 percentile),Results in 2018,Results in 2017
count,131.0,100.0
mean,1.5877862595419847,4.3525
std,1.968483324825852,4.839480808408015
min,0.0,0.0
25%,0.0,2.0
50%,1.0,3.0
75%,2.0,5.0
max,8.0,30.0
