Use of version control for Netherlands,Count,Percentage
Git,56.0,84.84848484848484
SVN,7.0,10.606060606060606
CVS,1.0,1.5151515151515151
None,1.0,1.5151515151515151
