Use of version control for World,Count,Percentage
Git,803.0,81.44016227180528
SVN,70.0,7.099391480730223
None,30.0,3.0425963488843815
Mercurial,10.0,1.0141987829614605
CVS,9.0,0.9127789046653144
