Use of version control for New Zealand,Count,Percentage
Git,25.0,89.28571428571429
SVN,3.0,10.714285714285714
None,1.0,3.571428571428571
