Use of Digital Object Identifier for Netherlands,Count,Percentage
1 (None at all),,
2,1.0,1.8867924528301887
3,4.0,7.547169811320755
4,2.0,3.7735849056603774
5,7.0,13.20754716981132
6,4.0,7.547169811320755
7,2.0,3.7735849056603774
8,2.0,3.7735849056603774
9,7.0,13.20754716981132
10 (All the time),8.0,15.09433962264151
