Use of Digital Object Identifier for New Zealand,Count,Percentage
1 (None at all),,
2,1.0,2.941176470588235
3,4.0,11.76470588235294
4,1.0,2.941176470588235
5,1.0,2.941176470588235
6,2.0,5.88235294117647
7,,
8,1.0,2.941176470588235
9,2.0,5.88235294117647
10 (All the time),1.0,2.941176470588235
