Use of version control for United States,Count,Percentage
Git,134,91.15646258503402
SVN,22,14.965986394557824
CVS,9,6.122448979591836
Mercurial,6,4.081632653061225
None,5,3.4013605442176873
