Use of Digital Object Identifier for Australia,Count,Percentage
1 (None at all),,
2,5.0,5.681818181818182
3,5.0,5.681818181818182
4,7.0,7.954545454545454
5,5.0,5.681818181818182
6,6.0,6.8181818181818175
7,3.0,3.4090909090909087
8,3.0,3.4090909090909087
9,2.0,2.272727272727273
10 (All the time),6.0,6.8181818181818175
