Use of version control for Netherlands,Count,Percentage
SVN,7.0,10.606060606060606
CVS,1.0,1.5151515151515151
None,1.0,1.5151515151515151
