Use of version control for Germany,Count,Percentage
SVN,19.0,7.3643410852713185
None,9.0,3.488372093023256
Mercurial,2.0,0.7751937984496124
CVS,1.0,0.3875968992248062
,0.0,0.0
Git,0.0,0.0
