Use of version control for United Kingdom,Count,Percentage
Git,149.0,85.14285714285714
SVN,14.0,8.0
Mercurial,3.0,1.7142857142857144
None,2.0,1.1428571428571428
