Use of Digital Object Identifier for World,Count,Percentage
1 (None at all),,
2,59.0,8.149171270718233
3,53.0,7.320441988950275
4,29.0,4.005524861878453
5,63.0,8.701657458563536
6,35.0,4.834254143646409
7,43.0,5.939226519337017
8,50.0,6.906077348066299
9,34.0,4.696132596685083
10 (All the time),86.0,11.878453038674033
