Using ORCID for United States,Count,Percentage
Yes,115,82.73381294964028
No,18,12.949640287769784
