Using ORCID for Germany,Count,Percentage
Yes,169,79.71698113207547
No,35,16.50943396226415
