Using ORCID for New Zealand,Count,Percentage
Yes,20,76.92307692307693
No,5,19.230769230769234
