Using ORCID for World,Count,Percentage,Percentage in 2018,Difference with previous year
Yes,687,84.3980343980344,63.04849884526559,21.349535552768806
No,98,12.039312039312039,15.011547344110854,-2.972235304798815
