Using ORCID for Netherlands,Count,Percentage
Yes,51,87.93103448275862
No,3,5.172413793103448
