Using ORCID for United States,Count,Percentage
Yes,81,60.902255639097746
No,19,14.285714285714285
