Using ORCID for United Kingdom,Count,Percentage
Yes,135,90.60402684563759
No,9,6.0402684563758395
