Using ORCID for World,Count,Percentage
Yes,687,84.3980343980344
No,98,12.039312039312039
