Where the previous job was based for United States,Count,Percentage
University,68,45.63758389261745
Private company,51,34.22818791946309
Non-profit organization,9,6.0402684563758395
This is my first job,7,4.697986577181208
National laboratory,7,4.697986577181208
Government,5,3.3557046979865772
NGO,2,1.342281879194631
