Where the previous job was based for World,Count,Percentage
University,340,51.28205128205128
Private company,147,22.171945701357465
National laboratory,51,7.6923076923076925
This is my first job,44,6.636500754147813
Government,40,6.033182503770739
Non-profit organization,27,4.072398190045249
Other,10,1.5082956259426847
NGO,4,0.603318250377074
