Where the previous job was based for Australia,Count,Percentage
University,15,48.38709677419355
Private company,7,22.58064516129032
This is my first job,4,12.903225806451612
National laboratory,3,9.67741935483871
Government,1,3.225806451612903
NGO,1,3.225806451612903
