Working with same researchers for World,Count,Percentage,Percentage in 2018,Difference with previous year
"Different researchers, same research group",131,15.595238095238095,17.327293318233295,-1.7320552229952
Regularly change researcher(s),384,45.714285714285715,38.27859569648924,7.435690017796475
Same researcher(s),325,38.69047619047619,44.394110985277464,-5.703634794801275
