developing code for others for New Zealand,Count,Percentage
0 - Mostly me,1,2.7027027027027026
1,3,8.108108108108109
2,6,16.216216216216218
3,9,24.324324324324326
4,6,16.216216216216218
5 - Mostly other people,12,32.432432432432435
