Highest level of education for Netherlands,Count,Percentage,Percentage in 2017,Difference with previous year
PhD,27,50.0,57.333333333333336,-7.333333333333336
WO (Wetenschappelijk onderwijs) Master,20,37.03703703703704,36.0,1.037037037037038
HBO (Hoger beroepsonderwijs) Master,3,5.555555555555555,1.3333333333333335,4.222222222222221
WO (Wetenschappelijk onderwijs) Bachelor,3,5.555555555555555,2.666666666666667,2.8888888888888884
HBO (Hoger beroepsonderwijs) Bachelor,1,1.8518518518518516,2.666666666666667,-0.8148148148148153
