Number of software developers per projects for Netherlands,Count,Percentage
1.0,12,24.489795918367346
2.0,20,40.816326530612244
3.0,11,22.448979591836736
4.0,2,4.081632653061225
5.0,2,4.081632653061225
6.0,1,2.0408163265306123
7.0,1,2.0408163265306123
