Number of software projects for Netherlands,Count,Percentage,Percentage in 2017,Difference with previous year
1.0,8,16.0,10.95890410958904,5.0410958904109595
2.0,9,18.0,35.61643835616438,-17.61643835616438
3.0,12,24.0,21.91780821917808,2.082191780821919
4.0,10,20.0,13.698630136986301,6.301369863013699
5.0,3,6.0,8.21917808219178,-2.21917808219178
6.0,3,6.0,,
7.0,1,2.0,,
8.0,1,2.0,1.36986301369863,0.6301369863013699
25.0,1,2.0,1.36986301369863,0.6301369863013699
30.0,2,4.0,,
