Number of software developers per projects for World,Count,Percentage
0.0,1,2.631578947368421
1.0,17,44.73684210526316
2.0,2,5.263157894736842
3.0,5,13.157894736842104
4.0,5,13.157894736842104
5.0,2,5.263157894736842
6.0,1,2.631578947368421
7.0,2,5.263157894736842
10.0,2,5.263157894736842
12.0,1,2.631578947368421
