Open source use for United Kingdom,Count,Percentage
1 (None at all),,
2,6.0,2.803738317757009
3,9.0,4.205607476635514
4,5.0,2.336448598130841
5,13.0,6.074766355140187
6,6.0,2.803738317757009
7,19.0,8.878504672897195
8,20.0,9.345794392523365
9,30.0,14.018691588785046
10 (All the time),93.0,43.45794392523364
