Presence of transition plan for South Africa,Count,Percentage,Percentage in 2017,Difference with previous year
Yes,5,23.809523809523807,13.333333333333334,10.476190476190473
No,16,76.19047619047619,86.66666666666667,-10.476190476190482
