Presence of transition plan for United States,Count,Percentage,Percentage in 2017,Difference with previous year
Yes,28,20.28985507246377,18.248175182481752,2.041679889982017
No,110,79.71014492753623,81.75182481751825,-2.0416798899820208
