Professional developer for Netherlands,Count,Percentage,Percentage in 2017,Difference with previous year
Yes,29,54.71698113207547,65.33333333333333,-10.616352201257861
No,24,45.28301886792453,34.66666666666667,10.616352201257861
