Number of time per year providing training for United Kingdom (without 95 percentile),Results in 2018,Results in 2017
count,202.0,137.0
mean,2.3613861386138613,2.5474452554744524
std,2.59027919880601,1.5047513128504384
min,0.0,0.0
25%,0.0,2.0
50%,2.0,2.0
75%,3.0,3.0
max,12.0,8.0
