Use of version control for New Zealand,Count,Percentage
Git,33.0,89.1891891891892
SVN,9.0,24.324324324324326
Mercurial,1.0,2.7027027027027026
CVS,0.0,0.0
None,0.0,0.0
