Use of version control for Australia,Count,Percentage
Git,81,81.81818181818183
SVN,20,20.2020202020202
CVS,7,7.07070707070707
Mercurial,4,4.040404040404041
None,2,2.0202020202020203
