Using ORCID for South Africa,Count,Percentage
Yes,14,66.66666666666666
No,3,14.285714285714285
