Using ORCID for United Kingdom,Count,Percentage
Yes,154,73.33333333333333
No,22,10.476190476190476
