Where the previous job was based for World,Count,Percentage
University,24,48.97959183673469
Private company,11,22.448979591836736
National laboratory,5,10.204081632653061
Government,3,6.122448979591836
Non-profit organization,3,6.122448979591836
Other,2,4.081632653061225
NGO,1,2.0408163265306123
