Where the previous job was based for Australia,Count,Percentage
University,55,58.51063829787234
Private company,21,22.340425531914892
Government,9,9.574468085106384
National laboratory,5,5.319148936170213
Other,3,3.1914893617021276
Non-profit organization,1,1.0638297872340425
