Did you participate in conference for United States,Count,Percentage,Percentage in 2017,Difference with previous year
Yes,79,59.84848484848485,65.95744680851064,-6.108961960025788
No,53,40.15151515151515,34.04255319148936,6.108961960025788
