Number of software developers per projects for Australia,Count,Percentage
0.0,2,2.4096385542168677
1.0,35,42.168674698795186
1.1,1,1.2048192771084338
1.5,1,1.2048192771084338
2.0,16,19.27710843373494
3.0,17,20.481927710843372
4.0,3,3.614457831325301
5.0,3,3.614457831325301
6.0,2,2.4096385542168677
8.0,1,1.2048192771084338
10.0,1,1.2048192771084338
30.0,1,1.2048192771084338
