Open source use for New Zealand,Count,Percentage
1 (None at all),,
2,2.0,5.88235294117647
3,1.0,2.941176470588235
4,,
5,1.0,2.941176470588235
6,2.0,5.88235294117647
7,4.0,11.76470588235294
8,2.0,5.88235294117647
9,5.0,14.705882352941178
10 (All the time),17.0,50.0
