Presence of transition plan for United Kingdom,Count,Percentage,Percentage in 2017,Difference with previous year
Yes,52,24.299065420560748,25.327510917030565,-1.0284454964698178
No,162,75.70093457943925,74.67248908296943,1.0284454964698142
