Professional developer for South Africa,Count,Percentage,Percentage in 2017,Difference with previous year
Yes,6,28.57142857142857,26.31578947368421,2.2556390977443606
No,15,71.42857142857143,73.68421052631578,-2.25563909774435
