How many years of software development experience for Germany (without 95 percentile),Results in 2018,Results in 2017
count,313.0,304.0
mean,9.16373801916933,9.383223684210526
std,6.232969341795405,6.2393419198954465
min,0.0,0.0
25%,4.0,5.0
50%,8.0,8.0
75%,13.0,13.0
max,28.0,28.0
